Iteration,Trajectory,Legibility
1,"[[1500.          2500.           100.         ]
 [1515.789200692 2447.369210921  100.000057887]
 [1531.5786038   2394.737884326  100.000078245]
 [1547.368051538 2342.106474951  100.000094331]
 [1563.157543614 2289.474992189  100.000107163]
 [1578.947078953 2236.843445544  100.000117685]
 [1594.736655569 2184.211844583  100.000126748]
 [1610.526270413 2131.580198878  100.000135081]
 [1626.315919197 2078.948517934  100.000143268]
 [1642.105596192 2026.316811103  100.000151715]
 [1657.89529401  1973.685087468  100.000160613]
 [1673.68500334  1921.053355715  100.00016989 ]
 [1689.474712683 1868.421623955  100.000179169]
 [1705.264408066 1815.789899513  100.000187703]
 [1721.054072809 1763.15818866   100.000194328]
 [1736.843687473 1710.52649625   100.00019741 ]
 [1752.633230411 1657.894825222  100.000194853]
 [1768.422680461 1605.263175787  100.000184312]
 [1784.212029535 1552.631543608  100.000164395]
 [1800.          1500.           100.         ]]","[[0.3360830634629536, 0.32857233979694317, 0.3419686944041163], 0.3355413658880044]"
