Iteration,Trajectory,Legibility
1,"[[1500.          2500.           250.         ]
 [1500.136759633 2436.842300574  250.042580182]
 [1500.1929921   2373.684021504  250.059702618]
 [1500.240928019 2310.525502364  250.074090125]
 [1500.280467398 2247.366806964  250.085782482]
 [1500.311560235 2184.208001156  250.094827775]
 [1500.334218039 2121.049152304  250.101285106]
 [1500.348527363 2057.890328297  250.105227747]
 [1500.354664794 1994.731595917  250.106746634]
 [1500.352912059 1931.573018292  250.105953837]
 [1500.34366855  1868.414651211  250.102985425]
 [1500.32745709  1805.256538172  250.09800275 ]
 [1500.304917996 1742.098704418  250.091191186]
 [1500.27678889  1678.941150938  250.082756112]
 [1500.24387731  1615.783850462  250.072918667]
 [1500.207052278 1552.626748421  250.061918931]
 [1500.167296925 1489.469771934  250.050037787]
 [1500.125807941 1426.312848708  250.037630502]
 [1500.083829136 1363.155933743  250.025074088]
 [1500.          1300.           250.         ]]","[[0.4797327607589202], 0.4797327607589202]"
88,"[[1500.          2500.           250.         ]
 [1512.671400205 2436.952667045  253.963869835]
 [1517.931872162 2373.804262676  255.574812039]
 [1522.45060583  2310.629940821  256.938617745]
 [1526.211950017 2247.434119399  258.056466827]
 [1529.203303685 2184.221649463  258.930176829]
 [1531.416391516 2120.997808478  259.562479335]
 [1532.848925281 2057.768257394  259.957389889]
 [1533.506686408 1994.538937499  260.120681203]
 [1533.40597904  1931.315873283  260.060448866]
 [1532.576223497 1868.104839975  259.787715979]
 [1531.062162946 1804.910859061  259.316953181]
 [1528.924805    1741.73752135   258.666311235]
 [1526.240115344 1678.586229931  257.857353134]
 [1523.095276854 1615.45560958   256.914298164]
 [1519.584639454 1552.34147626   255.863398312]
 [1515.810026024 1489.237740377  254.733674963]
 [1511.885467848 1426.138320666  253.558730093]
 [1507.920365702 1363.039545294  252.371500792]
 [1500.          1300.           250.         ]]","[[0.563149328817503, 0.4609475914112137, 0.4819576947382882], 0.5020182049890016]"
