Iteration,Trajectory,Legibility
1,"[[1500.          2500.           100.         ]
 [1484.2117206   2447.366606091   99.999930487]
 [1468.422804519 2394.73420912    99.999901322]
 [1452.63385704  2342.101879007   99.999876127]
 [1436.844873602 2289.469621827   99.999855074]
 [1421.055848876 2236.837444235   99.99983831 ]
 [1405.266776623 2184.205353518   99.999825952]
 [1389.477649517 2131.573357633   99.999818073]
 [1373.688458927 2078.941465249   99.999814674]
 [1357.899194671 2026.309685769   99.999815671]
 [1342.109844702 1973.678029332   99.999820848]
 [1326.320394757 1921.046506775   99.999829822]
 [1310.530827946 1868.415129521   99.999841981]
 [1294.741124326 1815.783909352   99.99985641 ]
 [1278.951260538 1763.152857954   99.999871803]
 [1263.161209788 1710.521986011   99.999886356]
 [1247.370943001 1657.89130129    99.999897681]
 [1231.580434343 1605.260803777   99.999902885]
 [1215.789687207 1552.630468907   99.999899595]
 [1200.          1500.           100.         ]]","[[0.3504270545069952, 0.3416811971758942, 0.3404589011138814], 0.34418905093225693]"
