Iteration,Trajectory,Legibility
1,"[[1500.          2500.           100.         ]
 [1500.          2442.105263158  100.         ]
 [1500.          2384.210526316  100.         ]
 [1500.          2326.315789474  100.         ]
 [1500.          2268.421052632  100.         ]
 [1500.          2210.526315789  100.         ]
 [1500.          2152.631578947  100.         ]
 [1500.          2094.736842105  100.         ]
 [1500.          2036.842105263  100.         ]
 [1500.          1978.947368421  100.         ]
 [1500.          1921.052631579  100.         ]
 [1500.          1863.157894737  100.         ]
 [1500.          1805.263157895  100.         ]
 [1500.          1747.368421053  100.         ]
 [1500.          1689.473684211  100.         ]
 [1500.          1631.578947368  100.         ]
 [1500.          1573.684210526  100.         ]
 [1500.          1515.789473684  100.         ]
 [1500.          1457.894736842  100.         ]
 [1500.          1400.           100.         ]]","[[0.33827093121592217, 0.3363016610429797, 0.33630166104297976], 0.3369580844339605]"
