Iteration,Trajectory,Legibility
1,"[[1500.          2500.           250.         ]
 [1458.183510616 2444.407222958  251.198196932]
 [1431.187861116 2385.002583465  251.792654163]
 [1405.464972436 2325.533865745  252.3769624  ]
 [1381.060058888 2265.96033948   252.944670595]
 [1358.012593132 2206.234825593  253.488306315]
 [1336.356632696 2146.303011295  253.999267259]
 [1316.123041234 2086.1021929    254.467622141]
 [1297.34399437  2025.558843393  254.881725424]
 [1280.059434594 1964.584265658  255.227528865]
 [1264.3240353   1903.067712164  255.487491779]
 [1250.211982213 1840.866930492  255.639083596]
 [1237.815388262 1777.797570568  255.653106133]
 [1227.228780873 1713.627090171  255.49272832 ]
 [1218.501636595 1648.092845162  255.116351412]
 [1211.516132653 1581.008035201  254.494389142]
 [1205.75821033  1512.581626689  253.659938536]
 [1200.365524788 1443.656822949  252.746549882]
 [1194.98052529  1374.718583736  251.831033257]
 [1200.          1300.           250.         ]]","[[0.5903683813815235], 0.5903683813815235]"
30,"[[1500.          2500.           250.         ]
 [1187.97702719  2580.603044385  272.769495883]
 [1068.585701458 2582.264764149  283.035914248]
 [ 972.466055728 2575.656219038  291.992451339]
 [ 896.39152768  2560.24005077   299.553997966]
 [ 837.920784124 2535.798510645  305.686066123]
 [ 795.157140975 2502.274099558  310.379548846]
 [ 766.590439252 2459.686467482  313.637558384]
 [ 750.990574615 2408.087710919  315.468346015]
 [ 747.32924967  2347.541303686  315.881965001]
 [ 754.714150453 2278.119250649  314.889819795]
 [ 772.322461312 2199.918719603  312.507300262]
 [ 799.32002294  2113.107021557  308.760905863]
 [ 834.749422535 2018.014928079  303.703025669]
 [ 877.367276196 1915.314555308  297.440112416]
 [ 925.427625588 1806.326367869  290.181307157]
 [ 976.560072555 1693.370818889  282.29413356 ]
 [1028.461080076 1579.260042472  274.223989912]
 [1080.377562136 1465.120730116  266.149326615]
 [1200.          1300.           250.         ]]","[[0.8539355482944857, 0, 0.841190821905737], 0.5650421234000742]"
