Iteration,Trajectory,Legibility
1,"[[1500.          2500.           250.         ]
 [1500.          2476.315789474  250.         ]
 [1500.          2452.631578947  250.         ]
 [1500.          2428.947368421  250.         ]
 [1500.          2405.263157895  250.         ]
 [1500.          2381.578947368  250.         ]
 [1500.          2357.894736842  250.         ]
 [1500.          2334.210526316  250.         ]
 [1500.          2310.526315789  250.         ]
 [1500.          2286.842105263  250.         ]
 [1500.          2263.157894737  250.         ]
 [1500.          2239.473684211  250.         ]
 [1500.          2215.789473684  250.         ]
 [1500.          2192.105263158  250.         ]
 [1500.          2168.421052632  250.         ]
 [1500.          2144.736842105  250.         ]
 [1500.          2121.052631579  250.         ]
 [1500.          2097.368421053  250.         ]
 [1500.          2073.684210526  250.         ]
 [1500.          2050.           250.         ]]","[[0.3465655429213704, 0.35664574292717816, 0.35664574292717566], 0.3532856762585747]"
