Iteration,Trajectory,Legibility
1,"[[1500.          2500.           250.         ]
 [1488.985572966 2432.216160037  245.081955237]
 [1474.560013072 2367.238468927  243.425120478]
 [1459.513239446 2302.592889043  242.254903191]
 [1443.907770275 2238.279311539  241.528323332]
 [1427.820874262 2174.294445874  241.196441389]
 [1411.344798277 2110.630619627  241.204339597]
 [1394.585486426 2047.274384855  241.491703455]
 [1377.659239504 1984.205108089  241.994269386]
 [1360.687116258 1921.393903515  242.646321684]
 [1343.787380306 1858.803451346  243.384232526]
 [1327.066043215 1796.389293723  244.150909226]
 [1310.603379104 1734.103002789  244.901197406]
 [1294.432600905 1671.897237789  245.608295717]
 [1278.516519659 1609.732185712  246.268881813]
 [1262.753697859 1547.581486953  246.89959372 ]
 [1247.040896385 1485.433490293  247.520477565]
 [1231.333278282 1423.285643724  248.14036293 ]
 [1215.625694293 1361.13779757   248.760241953]
 [1200.          1300.           250.         ]]","[[0.5819903643885795], 0.5819903643885795]"
4,"[[1500.          2500.           250.         ]
 [1506.386141485 2419.246016296  230.431811773]
 [1497.409754142 2349.236700901  223.861260262]
 [1485.702581339 2280.52015192   219.24559583 ]
 [1471.470793641 2213.088386158  216.415060087]
 [1455.006216596 2146.922120174  215.172628931]
 [1436.691256152 2081.984989707  215.292321261]
 [1416.994245883 2018.216831433  216.52109944 ]
 [1396.449753531 1955.527278793  218.586401631]
 [1375.620942381 1893.791983473  221.210538306]
 [1355.046668803 1832.854370426  224.131124333]
 [1335.17987174  1772.535008672  227.124543577]
 [1316.320192082 1712.648278168  230.029000619]
 [1298.542478921 1653.023474405  232.763576469]
 [1281.654429124 1593.525983217  235.333834822]
 [1265.272207217 1534.071804178  237.805782963]
 [1249.047334415 1474.625524905  240.247024128]
 [1232.838059641 1415.179669168  242.685281541]
 [1216.628881866 1355.733814533  245.123521028]
 [1200.          1300.           250.         ]]","[[0.48203985687365924, 0.5974430976626152, 0.4522898706763789], 0.5105909417375512]"
