Iteration,Trajectory,Legibility
1,"[[1500.          2500.           100.         ]
 [1500.000708556 2476.315266943  100.000020834]
 [1500.001009174 2452.630847122  100.000031062]
 [1500.001272743 2428.94646092   100.000040905]
 [1500.001498316 2405.262107498  100.000050165]
 [1500.00168496  2381.57778596   100.000058635]
 [1500.001831767 2357.89349535   100.000066108]
 [1500.00193786  2334.209234647  100.00007237 ]
 [1500.002002406 2310.525002766  100.000077207]
 [1500.002024635 2286.84079855   100.000080403]
 [1500.002003856 2263.156620768  100.000081744]
 [1500.001939481 2239.472468113  100.000081015]
 [1500.001831067 2215.788339191  100.000078013]
 [1500.001678356 2192.104232512  100.00007254 ]
 [1500.001481366 2168.420146478  100.000064421]
 [1500.001240522 2144.736079346  100.000053507]
 [1500.000956959 2121.052029151  100.000039706]
 [1500.000633299 2097.367993499  100.000023042]
 [1500.000276547 2073.68396875   100.000003894]
 [1500.          2050.           100.         ]]","[[0.34046681465136186, 0.3351363166187634, 0.33537089588523045], 0.3369913423851186]"
