Iteration,Trajectory,Legibility
1,"[[1500.          2500.           250.         ]
 [1500.          2436.842105263  250.         ]
 [1500.          2373.684210526  250.         ]
 [1500.          2310.526315789  250.         ]
 [1500.          2247.368421053  250.         ]
 [1500.          2184.210526316  250.         ]
 [1500.          2121.052631579  250.         ]
 [1500.          2057.894736842  250.         ]
 [1500.          1994.736842105  250.         ]
 [1500.          1931.578947368  250.         ]
 [1500.          1868.421052632  250.         ]
 [1500.          1805.263157895  250.         ]
 [1500.          1742.105263158  250.         ]
 [1500.          1678.947368421  250.         ]
 [1500.          1615.789473684  250.         ]
 [1500.          1552.631578947  250.         ]
 [1500.          1489.473684211  250.         ]
 [1500.          1426.315789474  250.         ]
 [1500.          1363.157894737  250.         ]
 [1500.          1300.           250.         ]]","[[0.5679526824599075, 0.47968765413335096, 0.47968765413335734], 0.5091093302422053]"
