Iteration,Trajectory,Legibility
1,"[[1500.          2500.           250.         ]
 [1499.863240367 2436.842300574  250.042580182]
 [1499.8070079   2373.684021504  250.059702618]
 [1499.759071981 2310.525502364  250.074090125]
 [1499.719532602 2247.366806964  250.085782482]
 [1499.688439765 2184.208001156  250.094827775]
 [1499.665781961 2121.049152304  250.101285106]
 [1499.651472637 2057.890328297  250.105227747]
 [1499.645335206 1994.731595917  250.106746634]
 [1499.647087941 1931.573018292  250.105953837]
 [1499.65633145  1868.414651211  250.102985425]
 [1499.67254291  1805.256538172  250.09800275 ]
 [1499.695082004 1742.098704418  250.091191186]
 [1499.72321111  1678.941150938  250.082756112]
 [1499.75612269  1615.783850462  250.072918667]
 [1499.792947722 1552.626748421  250.061918931]
 [1499.832703075 1489.469771934  250.050037787]
 [1499.874192059 1426.312848708  250.037630502]
 [1499.916170864 1363.155933743  250.025074088]
 [1500.          1300.           250.         ]]","[[0.4797327607589217], 0.4797327607589217]"
88,"[[1500.          2500.           250.         ]
 [1487.328599795 2436.952667045  253.963869835]
 [1482.068127838 2373.804262676  255.574812039]
 [1477.54939417  2310.629940821  256.938617745]
 [1473.788049983 2247.434119399  258.056466827]
 [1470.796696315 2184.221649463  258.930176829]
 [1468.583608484 2120.997808478  259.562479335]
 [1467.151074719 2057.768257394  259.957389889]
 [1466.493313592 1994.538937499  260.120681203]
 [1466.59402096  1931.315873283  260.060448866]
 [1467.423776503 1868.104839975  259.787715979]
 [1468.937837054 1804.910859061  259.316953181]
 [1471.075195    1741.73752135   258.666311235]
 [1473.759884656 1678.586229931  257.857353134]
 [1476.904723146 1615.45560958   256.914298164]
 [1480.415360546 1552.34147626   255.863398312]
 [1484.189973976 1489.237740377  254.733674963]
 [1488.114532152 1426.138320666  253.558730093]
 [1492.079634298 1363.039545294  252.371500792]
 [1500.          1300.           250.         ]]","[[0.563149328817533, 0.48195769473827754, 0.4609475914112175], 0.5020182049890093]"
