Iteration,Trajectory,Legibility
1,"[[1500.          2500.           100.         ]
 [1515.788918181 2476.315701325  100.000039029]
 [1531.578050794 2452.631429395  100.000062047]
 [1547.367152914 2428.947149461  100.000086797]
 [1563.156234734 2405.26286437   100.000112722]
 [1578.945307741 2381.578577117  100.000139167]
 [1594.734384884 2357.894290842  100.000165363]
 [1610.523480767 2334.210008817  100.000190409]
 [1626.312611859 2310.525734439  100.000213247]
 [1642.101796738 2286.8414712    100.000232645]
 [1657.891056364 2263.157222662  100.00024716 ]
 [1673.680414356 2239.472992405  100.00025511 ]
 [1689.469897291 2215.788783964  100.00025454 ]
 [1705.259534941 2192.104600732  100.000243185]
 [1721.049360346 2168.420445809  100.000218447]
 [1736.839409377 2144.736321779  100.000177402]
 [1752.629718743 2121.052230284  100.000116927]
 [1768.420318598 2097.368171104  100.000034255]
 [1784.211200233 2073.684139234   99.999929528]
 [1800.          2050.           100.         ]]","[[0.363800623173361, 0.34286284943375833, 0.34853252572033744], 0.3517319994424855]"
