Iteration,Trajectory,Legibility
1,"[[1500.          2500.           250.         ]
 [1500.          2447.368421053  250.         ]
 [1500.          2394.736842105  250.         ]
 [1500.          2342.105263158  250.         ]
 [1500.          2289.473684211  250.         ]
 [1500.          2236.842105263  250.         ]
 [1500.          2184.210526316  250.         ]
 [1500.          2131.578947368  250.         ]
 [1500.          2078.947368421  250.         ]
 [1500.          2026.315789474  250.         ]
 [1500.          1973.684210526  250.         ]
 [1500.          1921.052631579  250.         ]
 [1500.          1868.421052632  250.         ]
 [1500.          1815.789473684  250.         ]
 [1500.          1763.157894737  250.         ]
 [1500.          1710.526315789  250.         ]
 [1500.          1657.894736842  250.         ]
 [1500.          1605.263157895  250.         ]
 [1500.          1552.631578947  250.         ]
 [1500.          1500.           250.         ]]","[[0.36149368424674266, 0.3853047061219935, 0.38530470612199347], 0.37736769883024324]"
