Iteration,Trajectory,Legibility
1,"[[1500.          2500.           250.         ]
 [1515.780180485 2447.372247384  249.988802789]
 [1531.565470351 2394.742497278  249.983872808]
 [1547.351132802 2342.112662819  249.979425131]
 [1563.137216675 2289.482719524  249.975492917]
 [1578.923770671 2236.852639834  249.972114713]
 [1594.71084252  2184.22239283   249.969334917]
 [1610.498477916 2131.591944053  249.967203767]
 [1626.286719242 2078.961255553  249.965776427]
 [1642.075604024 2026.330286403  249.965110502]
 [1657.865163035 1973.698994036  249.965261057]
 [1673.655417766 1921.067336964  249.966272027]
 [1689.44637658  1868.435279655  249.968162909]
 [1705.238028071 1815.802800569  249.970910139]
 [1721.03032916  1763.169904483  249.974423802]
 [1736.823184773 1710.536640044  249.97852265 ]
 [1752.61641985  1657.903120115  249.982918806]
 [1768.409784219 1605.269511461  249.987282342]
 [1784.203129004 1552.635901026  249.991535989]
 [1800.          1500.           250.         ]]","[[0.3894801698995747, 0.4683043409286636, 0.4024331067248169], 0.4200725391843518]"
