Iteration,Trajectory,Legibility
1,"[[1500.          2500.           250.         ]
 [1500.          2436.859466194  253.784905099]
 [1500.          2373.667408545  255.306899384]
 [1500.          2310.454011344  256.5857889  ]
 [1500.          2247.224946515  257.62510949 ]
 [1500.          2183.986067673  258.429135563]
 [1500.          2120.743362661  259.003120489]
 [1500.          2057.502866187  259.353577534]
 [1500.          1994.270514258  259.48858966 ]
 [1500.          1931.051918323  259.418118881]
 [1500.          1867.852037434  259.154259975]
 [1500.          1804.674738074  258.711355526]
 [1500.          1741.522264033  258.105883219]
 [1500.          1678.394703247  257.356098817]
 [1500.          1615.289631683  256.481659323]
 [1500.          1552.202198854  255.503904984]
 [1500.          1489.125926289  254.447803315]
 [1500.          1426.054388046  253.344933501]
 [1500.          1362.983584198  252.228807839]
 [1500.          1300.           250.         ]]","[[0.5687794620870443, 0.4761486927269745, 0.4761486927269776], 0.5070256158469988]"
