Iteration,Trajectory,Legibility
1,"[[1500.           250.          2400.         ]
 [1500.000342314  250.001087655 2373.68418075 ]
 [1500.000483455  250.00154288  2347.368382967]
 [1500.000604914  250.001939092 2321.052589324]
 [1500.000706924  250.002276332 2294.736799637]
 [1500.000789711  250.00255464  2268.42101372 ]
 [1500.000853487  250.002774057 2242.105231389]
 [1500.000898458  250.002934627 2215.789452457]
 [1500.000924821  250.003036399 2189.473676739]
 [1500.000932763  250.003079426 2163.157904048]
 [1500.000922468  250.003063777 2136.842134196]
 [1500.000894113  250.002989538 2110.526366995]
 [1500.000847878  250.00285683  2084.210602253]
 [1500.000783949  250.002665837 2057.894839778]
 [1500.000702536  250.002416853 2031.579079372]
 [1500.000603908  250.002110401 2005.263320828]
 [1500.000488476  250.001747518 1978.947563927]
 [1500.000357051  250.001330645 1952.63180841 ]
 [1500.000211969  250.000867425 1926.316053909]
 [1500.           250.          1900.         ]]","[[0.35090027051941725, 0.33884964017415137, 0.33889348731126523], 0.3428811326682779]"
