Iteration,Trajectory,Legibility
1,"[[1500.           250.          2400.         ]
 [1507.894746827  250.000004679 2363.157877375]
 [1515.789487559  250.000007559 2326.315765372]
 [1523.684227613  250.000010633 2289.47365459 ]
 [1531.578967029  250.000013768 2252.631544969]
 [1539.47370584   250.00001683  2215.789436452]
 [1547.368444074  250.000019678 2178.947328976]
 [1555.263181751  250.000022169 2142.105222479]
 [1563.15791889   250.000024155 2105.263116897]
 [1571.052655499  250.000025484 2068.421012161]
 [1578.947391582  250.000025997 2031.578908205]
 [1586.842127135  250.000025537 1994.736804956]
 [1594.736862149  250.000023937 1957.894702342]
 [1602.631596607  250.000021032 1921.052600286]
 [1610.526330484  250.000016657 1884.210498712]
 [1618.421063753  250.000010651 1847.368397537]
 [1626.315796385  250.000002874 1810.526296676]
 [1634.210528365  249.999993245 1773.684196039]
 [1642.105259749  249.999981911 1736.842095527]
 [1650.           250.          1700.         ]]","[[0.33854858579775116, 0.339371880262218, 0.3386711921362912], 0.3388638860654201]"
