Iteration,Trajectory,Legibility
1,"[[1500.           250.          2400.         ]
 [1505.263162118  250.000003722 2368.421046943]
 [1510.526321677  250.00000551  2336.842097383]
 [1515.789480954  250.000007201 2305.263148237]
 [1521.05263996   250.000008754 2273.68419949 ]
 [1526.315798703  250.00001013  2242.105251124]
 [1531.578957194  250.00001129  2210.526303123]
 [1536.842115438  250.000012192 2178.947355469]
 [1542.105273441  250.000012794 2147.368408145]
 [1547.368431209  250.000013054 2115.789461132]
 [1552.631588743  250.000012929 2084.210514412]
 [1557.894746046  250.000012374 2052.631567966]
 [1563.157903119  250.000011345 2021.052621775]
 [1568.42105996   250.000009798 1989.473675818]
 [1573.684216567  250.000007691 1957.894730074]
 [1578.947372939  250.000004982 1926.315784521]
 [1584.210529074  250.000001638 1894.736839136]
 [1589.473684977  249.999997647 1863.157893892]
 [1594.736840675  249.999993071 1831.578948749]
 [1600.           250.          1800.         ]]","[[0.3473583694846636, 0.33721357046878764, 0.33639808908100394], 0.3403233430114851]"
