Iteration,Trajectory,Legibility
1,"[[1500.           250.          2400.         ]
 [1500.           250.          2363.157894737]
 [1500.           250.          2326.315789474]
 [1500.           250.          2289.473684211]
 [1500.           250.          2252.631578947]
 [1500.           250.          2215.789473684]
 [1500.           250.          2178.947368421]
 [1500.           250.          2142.105263158]
 [1500.           250.          2105.263157895]
 [1500.           250.          2068.421052632]
 [1500.           250.          2031.578947368]
 [1500.           250.          1994.736842105]
 [1500.           250.          1957.894736842]
 [1500.           250.          1921.052631579]
 [1500.           250.          1884.210526316]
 [1500.           250.          1847.368421053]
 [1500.           250.          1810.526315789]
 [1500.           250.          1773.684210526]
 [1500.           250.          1736.842105263]
 [1500.           250.          1700.         ]]","[[0.3357648161947376, 0.3357570969936359, 0.33550532861302723], 0.3356757472671335]"
