Iteration,Trajectory,Legibility
1,"[[1500.           250.          2400.         ]
 [1489.473182081  250.000016991 2363.156869936]
 [1478.946664665  250.000098327 2326.314361396]
 [1468.420178106  250.000215871 2289.471922371]
 [1457.89372116   250.000359912 2252.629550315]
 [1447.367292869  250.00052037  2215.787242577]
 [1436.840892589  250.000686776 2178.944996398]
 [1426.314520002  250.000848264 2142.102808906]
 [1415.788175151  250.000993554 2105.260677112]
 [1405.261858455  250.001110943 2068.418597903]
 [1394.735570735  250.001188297 2031.576568034]
 [1384.209313241  250.001213052 1994.734584125]
 [1373.683087665  250.001172229 1957.892642645]
 [1363.156896153  250.001052484 1921.050739907]
 [1352.630741293  250.000840228 1884.208872041]
 [1342.104626035  250.000521939 1847.367034963]
 [1331.578553435  250.000084995 1810.5252243  ]
 [1321.052525753  249.999520357 1773.683435175]
 [1310.526540381  249.998834366 1736.841661336]
 [1300.           250.          1700.         ]]","[[0.35439023389175156, 0.3427429378654643, 0.3430872137484397], 0.3467401285018852]"
