Iteration,Trajectory,Legibility
1,"[[1500.           250.          2400.         ]
 [1492.105254526  250.000004036 2363.157879186]
 [1484.210514347  250.000006519 2326.315767889]
 [1476.315774765  250.000009165 2289.473657686]
 [1468.421035745  250.000011861 2252.631548525]
 [1460.526297255  250.000014488 2215.789440352]
 [1452.631559266  250.000016927 2178.947333112]
 [1444.736821758  250.000019051 2142.105226749]
 [1436.842084712  250.000020732 2105.263121204]
 [1428.947348116  250.000021839 2068.421016417]
 [1421.052611965  250.000022235 2031.578912326]
 [1413.157876257  250.000021782 1994.736808869]
 [1405.263140998  250.000020338 1957.894705978]
 [1397.368406199  250.000017759 1921.052603587]
 [1389.473671876  250.000013903 1884.210501625]
 [1381.578938051  250.000008631 1847.36840002 ]
 [1373.684204744  250.000001821 1810.526298695]
 [1365.789471968  249.999993405 1773.68419757 ]
 [1357.894739677  249.999983508 1736.842096556]
 [1350.           250.          1700.         ]]","[[0.33854858563876, 0.33927195098067736, 0.33875417305941147], 0.3388582365596163]"
