Iteration,Trajectory,Legibility
1,"[[1500.           160.          2400.         ]
 [1515.790821586  160.000928488 2363.156049644]
 [1531.5809237    160.001601034 2326.313216062]
 [1547.370990664  160.002373441 2289.470506702]
 [1563.161017529  160.00321445  2252.62791729 ]
 [1578.950998147  160.004091089 2215.785443267]
 [1594.740925064  160.004968593 2178.943079771]
 [1610.530789406  160.005810311 2142.100821616]
 [1626.320580761  160.006577628 2105.258663264]
 [1642.110287057  160.007229903 2068.416598802]
 [1657.899894451  160.007724441 2031.574621907]
 [1673.689387242  160.008016525 1994.732725812]
 [1689.478747833  160.008059598 1957.890903257]
 [1705.267956827  160.007805716 1921.049146432]
 [1721.056993418  160.007206638 1884.207446897]
 [1736.845836506  160.006216364 1847.365795469]
 [1752.634467737  160.004797531 1810.524182043]
 [1768.422880397  160.002939241 1773.682595296]
 [1784.211108916  160.000714827 1736.841022282]
 [1800.           160.          1700.         ]]","[[0.3525391357026963, 0.36231581490594966, 0.3578641560955623], 0.35757303556806946]"
