Iteration,Trajectory,Legibility
1,"[[1500.           250.          2400.         ]
 [1507.89540484   250.000593736 2363.156919524]
 [1515.790407373  250.000894752 2326.314433629]
 [1523.685367196  250.001189073 2289.472015439]
 [1531.580286126  250.001469327 2252.629662143]
 [1539.475165722  250.001727917 2215.787370844]
 [1547.370007269  250.001957015 2178.94513856 ]
 [1555.264811762  250.002148559 2142.102962217]
 [1563.159579898  250.002294252 2105.260838646]
 [1571.054312053  250.002385564 2068.418764583]
 [1578.949008277  250.002413739 2031.57673666 ]
 [1586.84366828   250.002369818 1994.734751403]
 [1594.738291429  250.00224467  1957.892805222]
 [1602.632876756  250.002029075 1921.050894409]
 [1610.527422997  250.001713878 1884.209015116]
 [1618.42192869   250.001290344 1847.367163332]
 [1626.316392465  250.000751029 1810.525334826]
 [1634.210813933  250.000092403 1773.683524981]
 [1642.105197434  249.999325574 1736.841728106]
 [1650.           250.          1700.         ]]","[[0.3539750550604558, 0.34218597119524086, 0.3416158458848403], 0.3459256240468456]"
