Iteration,Trajectory,Legibility
1,"[[1500.           250.          2400.         ]
 [1505.282172128  250.014843558 2363.128158797]
 [1510.552529922  250.021884449 2326.27456751 ]
 [1515.821489465  250.028483945 2289.423090044]
 [1521.08914564   250.034496507 2252.573618299]
 [1526.355584928  250.039772552 2215.726042118]
 [1531.620885103  250.044158383 2178.880249239]
 [1536.885114908  250.04749614  2142.036125232]
 [1542.148333741  250.049623772 2105.193553434]
 [1547.410591341  250.05037507  2068.352414872]
 [1552.671927491  250.049579776 2031.512588169]
 [1557.932371769  250.04706387  1994.67394943 ]
 [1563.19194338   250.042650158 1957.836372083]
 [1568.450651186  250.0361595   1920.999726671]
 [1573.708494174  250.027413444 1884.163880509]
 [1578.965463021  250.016240275 1847.328697129]
 [1584.221544797  250.002490709 1810.494035208]
 [1589.476738677  249.986087275 1773.659746148]
 [1594.731126575  249.967240713 1736.825667072]
 [1600.           250.          1700.         ]]","[[0.34117512466435607, 0.3381163685254488, 0.33789487541583085], 0.33906212286854526]"
