Iteration,Trajectory,Legibility
1,"[[1500.           250.          2400.         ]
 [1494.736833934  250.000006414 2363.157881406]
 [1489.473672963  250.000009453 2326.315770996]
 [1484.2105126    250.000012297 2289.473661534]
 [1478.947352804  250.000014884 2252.631552971]
 [1473.684193534  250.000017149 2215.789445259]
 [1468.421034755  250.000019026 2178.947338346]
 [1463.157876434  250.000020445 2142.105232181]
 [1457.894718545  250.000021336 2105.263126712]
 [1452.631561063  250.000021628 2068.421021885]
 [1447.368403969  250.000021247 2031.578917645]
 [1442.105247248  250.000020118 1994.736813937]
 [1436.842090891  250.000018163 1957.894710704]
 [1431.57893489   250.000015306 1921.052607887]
 [1426.315779244  250.000011469 1884.210505429]
 [1421.052623956  250.00000658  1847.368403266]
 [1415.789469029  250.000000573 1810.526301336]
 [1410.526314462  249.999993418 1773.684199573]
 [1405.263160221  249.999985206 1736.842097904]
 [1400.           250.          1700.         ]]","[[0.34117342347608454, 0.3383853020144298, 0.3376505885100281], 0.3390697713335142]"
