Iteration,Trajectory,Legibility
1,"[[1500.           250.          2400.         ]
 [1507.895373807  250.000585812 2363.156961888]
 [1515.79036128   250.000882955 2326.314496501]
 [1523.685306914  250.001173575 2289.472097454]
 [1531.580212901  250.001450381 2252.629761231]
 [1539.475081129  250.001705852 2215.787484215]
 [1547.369913163  250.001932229 2178.945262686]
 [1555.264710236  250.002121515 2142.103092813]
 [1563.159473223  250.002265471 2105.260970654]
 [1571.054202631  250.002355619 2068.41889215 ]
 [1578.948898581  250.002383249 2031.576853118]
 [1586.843560796  250.002339435 1994.734849247]
 [1594.73818859   250.002215075 1957.892876085]
 [1602.632780877  250.002000962 1921.050929038]
 [1610.527336201  250.001687939 1884.209003348]
 [1618.421852828  250.001267245 1847.367094082]
 [1626.316329023  250.000731377 1810.525196111]
 [1634.210763926  250.000076683 1773.683304109]
 [1642.105161265  249.999314025 1736.841412801]
 [1650.           250.          1700.         ]]","[[0.3434137271914309, 0.34186595955961085, 0.3418811236151084], 0.34238693678871673]"
